structure,average_mse
structure 1,0.0004761683
structure 2,0.00048044889
structure 3,0.00043903926
structure 4,0.012031321